species,f_min_Hz,f_max_Hz,B_Hz,L_mm,Q_mean,sigma_t_us,DR_dB,eta_B_kHz_per_mm,temporal_kHz,C_Mbit_s,Omega
Cat,48.0,85000.0,84952.0,25.0,17.0,100.0,100.0,3.3980799999999998,5.0,1.5521247829103884,1.0
Dog,40.0,65000.0,64960.0,32.0,7.0,400.0,80.0,2.03,1.25,0.9710689842572289,0.049197332195897475
Human,20.0,20000.0,19980.0,33.0,6.0,600.0,120.0,0.6054545454545455,0.8333333333333334,0.26549137570397413,0.01257709292142578
